EEG 1_theta_mean,EEG 1_theta_std,EEG 2_theta_mean,EEG 2_theta_std,EEG 3_theta_mean,EEG 3_theta_std,EEG 4_theta_mean,EEG 4_theta_std,EEG 5_theta_mean,EEG 5_theta_std,EEG 6_theta_mean,EEG 6_theta_std,EEG 7_theta_mean,EEG 7_theta_std,EEG 8_theta_mean,EEG 8_theta_std,EEG 1_alpha_mean,EEG 1_alpha_std,EEG 2_alpha_mean,EEG 2_alpha_std,EEG 3_alpha_mean,EEG 3_alpha_std,EEG 4_alpha_mean,EEG 4_alpha_std,EEG 5_alpha_mean,EEG 5_alpha_std,EEG 6_alpha_mean,EEG 6_alpha_std,EEG 7_alpha_mean,EEG 7_alpha_std,EEG 8_alpha_mean,EEG 8_alpha_std,EEG 1_beta_mean,EEG 1_beta_std,EEG 2_beta_mean,EEG 2_beta_std,EEG 3_beta_mean,EEG 3_beta_std,EEG 4_beta_mean,EEG 4_beta_std,EEG 5_beta_mean,EEG 5_beta_std,EEG 6_beta_mean,EEG 6_beta_std,EEG 7_beta_mean,EEG 7_beta_std,EEG 8_beta_mean,EEG 8_beta_std,EEG 1_gamma_mean,EEG 1_gamma_std,EEG 2_gamma_mean,EEG 2_gamma_std,EEG 3_gamma_mean,EEG 3_gamma_std,EEG 4_gamma_mean,EEG 4_gamma_std,EEG 5_gamma_mean,EEG 5_gamma_std,EEG 6_gamma_mean,EEG 6_gamma_std,EEG 7_gamma_mean,EEG 7_gamma_std,EEG 8_gamma_mean,EEG 8_gamma_std,label
0.0476659678802492,52.69272383892211,0.262708226851653,508.1764584323402,0.4914371273100721,428.33237706301793,0.7316030186500638,588.3742739487193,-1.3575407560495547,802.4517400580813,0.106660196066239,187.9462283181067,0.5041248048309063,558.0710245479236,1.1498567520847205,737.9295366883936,0.1570218662151971,25.57574614938108,-0.0833369639197904,199.7280464796652,-0.0096455729051218,151.68356470416185,-0.1086421926016522,207.0447860236349,0.0492529036701987,228.4030782874993,0.1212999362913318,76.436043287139,-0.1167841318622747,194.14021614294109,-0.1202800918768274,235.5384542607173,-0.3120318554090328,38.94801128825577,-0.431308032560767,88.06345226621164,-0.4642253600456708,71.76561303026786,-0.4834054614672691,86.77628200669812,-0.3228366535575864,151.11747285624608,-0.324256713242306,61.198002181850185,-0.3860743316834616,90.32872374065803,-0.5772124198508313,100.10215221950313,0.1390959792760567,21.492116198089864,-0.0327720968528487,25.138522672574968,-0.009907782434275,24.32474065565789,-0.0605797909959178,27.90085364986617,0.0092813956394497,46.51501293846725,0.0416100607943782,24.48594184156671,-0.0437315709359305,30.523556848186452,-0.0835021492352938,30.81165340987503,1
