EEG 1_theta_mean,EEG 1_theta_std,EEG 2_theta_mean,EEG 2_theta_std,EEG 3_theta_mean,EEG 3_theta_std,EEG 4_theta_mean,EEG 4_theta_std,EEG 5_theta_mean,EEG 5_theta_std,EEG 6_theta_mean,EEG 6_theta_std,EEG 7_theta_mean,EEG 7_theta_std,EEG 8_theta_mean,EEG 8_theta_std,EEG 1_alpha_mean,EEG 1_alpha_std,EEG 2_alpha_mean,EEG 2_alpha_std,EEG 3_alpha_mean,EEG 3_alpha_std,EEG 4_alpha_mean,EEG 4_alpha_std,EEG 5_alpha_mean,EEG 5_alpha_std,EEG 6_alpha_mean,EEG 6_alpha_std,EEG 7_alpha_mean,EEG 7_alpha_std,EEG 8_alpha_mean,EEG 8_alpha_std,EEG 1_beta_mean,EEG 1_beta_std,EEG 2_beta_mean,EEG 2_beta_std,EEG 3_beta_mean,EEG 3_beta_std,EEG 4_beta_mean,EEG 4_beta_std,EEG 5_beta_mean,EEG 5_beta_std,EEG 6_beta_mean,EEG 6_beta_std,EEG 7_beta_mean,EEG 7_beta_std,EEG 8_beta_mean,EEG 8_beta_std,EEG 1_gamma_mean,EEG 1_gamma_std,EEG 2_gamma_mean,EEG 2_gamma_std,EEG 3_gamma_mean,EEG 3_gamma_std,EEG 4_gamma_mean,EEG 4_gamma_std,EEG 5_gamma_mean,EEG 5_gamma_std,EEG 6_gamma_mean,EEG 6_gamma_std,EEG 7_gamma_mean,EEG 7_gamma_std,EEG 8_gamma_mean,EEG 8_gamma_std,label
0.0914820995642632,6.738118849719156,0.1043126160084598,4.180875415000795,0.0930073869624252,4.102692745200121,0.0425183860104784,3.5785779650660445,0.4090087686900692,9.914082063175732,0.0942461770914245,3.9479404154344655,0.2712859621394252,6.472336603280739,0.0923883926972929,4.018893743559044,0.0146347469928015,3.979711934499588,0.0137246907388331,4.090790032179133,0.0130626721853733,3.47595829558909,0.0075119477175784,2.8909728530374386,0.0107361160780179,6.335839028678115,-0.0038761258340067,5.388264716514625,0.0039146021892189,5.624085100572535,0.0122879601301548,5.100677187838229,0.0082119528136157,4.617714563592631,0.0122155457387204,6.101795217170537,0.007199423242954,4.928394634072489,0.0094755665173123,4.629932417722513,0.0326221858504552,8.60449032973592,0.034509454076009,7.139409462567664,0.0242026430911934,7.602189781445905,0.0143135600111241,6.549587379564062,-0.002668556191126,1.2565468280703689,-0.004487499153923,1.7113890044283786,-0.0032420357115694,1.456575690626834,-0.0026752317595139,1.5618549777712882,-0.0035388934132811,2.456080612619545,-0.0050754450568004,2.455766887459631,-0.0046045169558078,2.327741619197537,-0.003943159829513,2.3159153489768047,1
