EEG 1_theta_mean,EEG 1_theta_std,EEG 2_theta_mean,EEG 2_theta_std,EEG 3_theta_mean,EEG 3_theta_std,EEG 4_theta_mean,EEG 4_theta_std,EEG 5_theta_mean,EEG 5_theta_std,EEG 6_theta_mean,EEG 6_theta_std,EEG 7_theta_mean,EEG 7_theta_std,EEG 8_theta_mean,EEG 8_theta_std,EEG 1_alpha_mean,EEG 1_alpha_std,EEG 2_alpha_mean,EEG 2_alpha_std,EEG 3_alpha_mean,EEG 3_alpha_std,EEG 4_alpha_mean,EEG 4_alpha_std,EEG 5_alpha_mean,EEG 5_alpha_std,EEG 6_alpha_mean,EEG 6_alpha_std,EEG 7_alpha_mean,EEG 7_alpha_std,EEG 8_alpha_mean,EEG 8_alpha_std,EEG 1_beta_mean,EEG 1_beta_std,EEG 2_beta_mean,EEG 2_beta_std,EEG 3_beta_mean,EEG 3_beta_std,EEG 4_beta_mean,EEG 4_beta_std,EEG 5_beta_mean,EEG 5_beta_std,EEG 6_beta_mean,EEG 6_beta_std,EEG 7_beta_mean,EEG 7_beta_std,EEG 8_beta_mean,EEG 8_beta_std,EEG 1_gamma_mean,EEG 1_gamma_std,EEG 2_gamma_mean,EEG 2_gamma_std,EEG 3_gamma_mean,EEG 3_gamma_std,EEG 4_gamma_mean,EEG 4_gamma_std,EEG 5_gamma_mean,EEG 5_gamma_std,EEG 6_gamma_mean,EEG 6_gamma_std,EEG 7_gamma_mean,EEG 7_gamma_std,EEG 8_gamma_mean,EEG 8_gamma_std,label
0.4962442713984355,89.3353027047542,0.7834157699041381,1035.563276362561,0.3640639276961285,861.7084181255498,0.0147918720252315,1191.5092673974636,4.675370424920741,1205.1758639653358,0.4204892931401797,383.1992736410677,0.8214159562881213,1112.148253144598,-0.9062757100611184,1478.8972454221653,-0.0893860645201876,45.925208599037006,-0.6468600823617396,433.01718120247017,-0.3603073543118174,325.17560735463576,-0.5972572631967905,444.4635637871128,0.423212612113434,620.1751802983662,-0.0104036569465489,158.40248916182287,-0.4051088300429255,406.8610464124269,-1.0068875637979446,503.7108202812177,-0.1816194242598256,80.94604991409207,-0.3817208516344467,317.7570940634657,-0.4628151400027183,229.24526271555044,-0.4350012272752384,297.50458206454624,-0.8383843288073817,461.861023398209,-0.4511483631820034,142.72397286074383,-0.6554418407807134,273.4776118111441,-0.7638146832374204,317.2030365253678,-0.0053595297208074,30.195539793315927,0.1345762067674941,77.41682158774448,0.0743402661540684,56.94711384014887,0.0900211097835545,71.03546048621403,0.1549174211285964,127.31615956797307,0.0003705725797365,42.00476388850976,0.0843592757402324,66.62255486958864,0.1108445225559372,73.14780192993682,1
