EEG 1_theta_mean,EEG 1_theta_std,EEG 2_theta_mean,EEG 2_theta_std,EEG 3_theta_mean,EEG 3_theta_std,EEG 4_theta_mean,EEG 4_theta_std,EEG 5_theta_mean,EEG 5_theta_std,EEG 6_theta_mean,EEG 6_theta_std,EEG 7_theta_mean,EEG 7_theta_std,EEG 8_theta_mean,EEG 8_theta_std,EEG 1_alpha_mean,EEG 1_alpha_std,EEG 2_alpha_mean,EEG 2_alpha_std,EEG 3_alpha_mean,EEG 3_alpha_std,EEG 4_alpha_mean,EEG 4_alpha_std,EEG 5_alpha_mean,EEG 5_alpha_std,EEG 6_alpha_mean,EEG 6_alpha_std,EEG 7_alpha_mean,EEG 7_alpha_std,EEG 8_alpha_mean,EEG 8_alpha_std,EEG 1_beta_mean,EEG 1_beta_std,EEG 2_beta_mean,EEG 2_beta_std,EEG 3_beta_mean,EEG 3_beta_std,EEG 4_beta_mean,EEG 4_beta_std,EEG 5_beta_mean,EEG 5_beta_std,EEG 6_beta_mean,EEG 6_beta_std,EEG 7_beta_mean,EEG 7_beta_std,EEG 8_beta_mean,EEG 8_beta_std,EEG 1_gamma_mean,EEG 1_gamma_std,EEG 2_gamma_mean,EEG 2_gamma_std,EEG 3_gamma_mean,EEG 3_gamma_std,EEG 4_gamma_mean,EEG 4_gamma_std,EEG 5_gamma_mean,EEG 5_gamma_std,EEG 6_gamma_mean,EEG 6_gamma_std,EEG 7_gamma_mean,EEG 7_gamma_std,EEG 8_gamma_mean,EEG 8_gamma_std,label
-0.0435491694728972,9.966777875629736,-0.691343473019702,37.80911121993826,-0.3045459648106747,28.36382692912047,-0.3791882065923567,39.02813877975631,-0.4281296550578141,28.94924585748492,-0.1198410626287791,20.472175925203803,-0.5513211970677421,44.52519192771916,-0.4564836152548175,50.29952068296293,0.1067612797032466,18.22217626838588,-0.1613156106118558,24.093757930584665,0.0045883235157059,22.902527549530173,-0.0170435791612619,24.748381219846674,-0.1069189214670905,24.44232794709595,0.0910099121591554,21.41720086869074,0.0279809186674741,29.21031754095671,0.0759043636975791,31.007099459406543,-0.0175032028575456,59.60990674692788,-0.3636659418181568,82.1576901679728,-0.1812362879931984,77.51509531689045,-0.2309000927392677,80.38793437453445,-0.1962874241383346,84.50182291652769,-0.0786637085641308,77.0775305312533,-0.2301523445289554,93.09202454409954,-0.3003785893525512,97.26282962704607,-0.0725788573733699,29.434807151802268,-0.1799113172108381,33.34501350732514,-0.1147735808912295,30.63974177725484,-0.1186367696841825,31.57799522279749,-0.085757131947177,35.1487644570331,-0.0810093713619336,32.07630200714432,-0.1024592763989839,35.033237417431124,-0.1129086056116686,33.43457690650843,1
