EEG 1_theta_mean,EEG 1_theta_std,EEG 2_theta_mean,EEG 2_theta_std,EEG 3_theta_mean,EEG 3_theta_std,EEG 4_theta_mean,EEG 4_theta_std,EEG 5_theta_mean,EEG 5_theta_std,EEG 6_theta_mean,EEG 6_theta_std,EEG 7_theta_mean,EEG 7_theta_std,EEG 8_theta_mean,EEG 8_theta_std,EEG 1_alpha_mean,EEG 1_alpha_std,EEG 2_alpha_mean,EEG 2_alpha_std,EEG 3_alpha_mean,EEG 3_alpha_std,EEG 4_alpha_mean,EEG 4_alpha_std,EEG 5_alpha_mean,EEG 5_alpha_std,EEG 6_alpha_mean,EEG 6_alpha_std,EEG 7_alpha_mean,EEG 7_alpha_std,EEG 8_alpha_mean,EEG 8_alpha_std,EEG 1_beta_mean,EEG 1_beta_std,EEG 2_beta_mean,EEG 2_beta_std,EEG 3_beta_mean,EEG 3_beta_std,EEG 4_beta_mean,EEG 4_beta_std,EEG 5_beta_mean,EEG 5_beta_std,EEG 6_beta_mean,EEG 6_beta_std,EEG 7_beta_mean,EEG 7_beta_std,EEG 8_beta_mean,EEG 8_beta_std,EEG 1_gamma_mean,EEG 1_gamma_std,EEG 2_gamma_mean,EEG 2_gamma_std,EEG 3_gamma_mean,EEG 3_gamma_std,EEG 4_gamma_mean,EEG 4_gamma_std,EEG 5_gamma_mean,EEG 5_gamma_std,EEG 6_gamma_mean,EEG 6_gamma_std,EEG 7_gamma_mean,EEG 7_gamma_std,EEG 8_gamma_mean,EEG 8_gamma_std,label
-0.8095122107759036,29.555689855846328,-1.593942122603265,37.97133481216218,-1.1836164019128022,31.46055122122389,-1.13318394057923,31.45805071336301,-1.6158234392490225,34.28107196197965,-1.0660927867846024,31.618215748016038,-1.2326441895838922,40.33008595266815,-1.0971546442876312,36.85184451031,-0.5091365322306003,20.903831662929004,-0.8677055919870004,30.628852878073456,-0.7042158821709354,26.647675564351047,-0.7672645661654013,28.79196722148619,-0.9064599559295042,32.21908050661229,-0.7012189194152817,26.8016094205335,-0.9215477433545274,36.27889455661823,-0.8326488618880183,35.016182068816654,0.0734733971467118,49.85067718721669,-0.0577230514323094,68.38282829063846,0.0942753992121125,64.5229610854014,0.1073318434788579,68.2510230255967,0.0326549499864343,70.14646660282878,0.1456845212095298,66.19027393688778,0.145500728845303,81.08631854254733,0.2910640596869323,82.5617427511817,-0.0870406984571692,26.433022594604008,-0.2115952496996087,29.34307668021713,-0.1390907970709118,27.993176921245084,-0.1499402926361952,29.75034171242005,-0.0925093141411165,32.38525592153453,-0.0970129367236942,28.450606530591735,-0.1448387095042356,33.539045960458715,-0.164301629348251,33.00234493761253,1
