EEG 1_theta_mean,EEG 1_theta_std,EEG 2_theta_mean,EEG 2_theta_std,EEG 3_theta_mean,EEG 3_theta_std,EEG 4_theta_mean,EEG 4_theta_std,EEG 5_theta_mean,EEG 5_theta_std,EEG 6_theta_mean,EEG 6_theta_std,EEG 7_theta_mean,EEG 7_theta_std,EEG 8_theta_mean,EEG 8_theta_std,EEG 1_alpha_mean,EEG 1_alpha_std,EEG 2_alpha_mean,EEG 2_alpha_std,EEG 3_alpha_mean,EEG 3_alpha_std,EEG 4_alpha_mean,EEG 4_alpha_std,EEG 5_alpha_mean,EEG 5_alpha_std,EEG 6_alpha_mean,EEG 6_alpha_std,EEG 7_alpha_mean,EEG 7_alpha_std,EEG 8_alpha_mean,EEG 8_alpha_std,EEG 1_beta_mean,EEG 1_beta_std,EEG 2_beta_mean,EEG 2_beta_std,EEG 3_beta_mean,EEG 3_beta_std,EEG 4_beta_mean,EEG 4_beta_std,EEG 5_beta_mean,EEG 5_beta_std,EEG 6_beta_mean,EEG 6_beta_std,EEG 7_beta_mean,EEG 7_beta_std,EEG 8_beta_mean,EEG 8_beta_std,EEG 1_gamma_mean,EEG 1_gamma_std,EEG 2_gamma_mean,EEG 2_gamma_std,EEG 3_gamma_mean,EEG 3_gamma_std,EEG 4_gamma_mean,EEG 4_gamma_std,EEG 5_gamma_mean,EEG 5_gamma_std,EEG 6_gamma_mean,EEG 6_gamma_std,EEG 7_gamma_mean,EEG 7_gamma_std,EEG 8_gamma_mean,EEG 8_gamma_std,label
-3.792493740778658,85.90358810031576,-2.91063604926286,109.19734051566556,0.1949104343701649,81.97960533732163,-1.6398924713908525,67.34685246726193,-4.857799932165966,989.934439305728,-4.337817194530145,115.59504948724344,-4.684090660598677,434.8495380331009,-3.027716052237826,125.11623858166038,-0.2136518150519369,16.89607363452049,-0.2295492786630493,43.8765072657636,-0.5733073864448067,38.3544904330109,-0.5044637490629843,21.448821690584644,-0.0865265685167744,305.7064242349826,-0.173421312982557,34.75684480069473,-0.1667913080983265,150.03507535600718,-0.2249008616535693,52.29392397719149,-0.0861372414980107,12.818196086664988,-0.0618506773015142,24.335525634436287,0.0124244560571644,21.550031797605413,-0.0361125334440498,14.992536766183528,-0.1033780167013349,106.04082530587095,-0.094396936059751,23.063000815126475,-0.1070005970597741,60.08321860179749,-0.0737216346101928,28.233771164643457,-0.0019937592481485,2.8577241302916754,-0.0015207760774448,4.238356821322253,-0.0049927116383698,4.0916229916840186,-0.0020743126890203,3.6846249784286433,-0.0025043447400598,9.14286252722524,-0.0048418699755274,4.323473548328455,-0.0032252849550417,6.340799552928211,-0.0004421755516976,4.891478497608971,1
