EEG 1_theta_mean,EEG 1_theta_std,EEG 2_theta_mean,EEG 2_theta_std,EEG 3_theta_mean,EEG 3_theta_std,EEG 4_theta_mean,EEG 4_theta_std,EEG 5_theta_mean,EEG 5_theta_std,EEG 6_theta_mean,EEG 6_theta_std,EEG 7_theta_mean,EEG 7_theta_std,EEG 8_theta_mean,EEG 8_theta_std,EEG 1_alpha_mean,EEG 1_alpha_std,EEG 2_alpha_mean,EEG 2_alpha_std,EEG 3_alpha_mean,EEG 3_alpha_std,EEG 4_alpha_mean,EEG 4_alpha_std,EEG 5_alpha_mean,EEG 5_alpha_std,EEG 6_alpha_mean,EEG 6_alpha_std,EEG 7_alpha_mean,EEG 7_alpha_std,EEG 8_alpha_mean,EEG 8_alpha_std,EEG 1_beta_mean,EEG 1_beta_std,EEG 2_beta_mean,EEG 2_beta_std,EEG 3_beta_mean,EEG 3_beta_std,EEG 4_beta_mean,EEG 4_beta_std,EEG 5_beta_mean,EEG 5_beta_std,EEG 6_beta_mean,EEG 6_beta_std,EEG 7_beta_mean,EEG 7_beta_std,EEG 8_beta_mean,EEG 8_beta_std,EEG 1_gamma_mean,EEG 1_gamma_std,EEG 2_gamma_mean,EEG 2_gamma_std,EEG 3_gamma_mean,EEG 3_gamma_std,EEG 4_gamma_mean,EEG 4_gamma_std,EEG 5_gamma_mean,EEG 5_gamma_std,EEG 6_gamma_mean,EEG 6_gamma_std,EEG 7_gamma_mean,EEG 7_gamma_std,EEG 8_gamma_mean,EEG 8_gamma_std,label
0.0516508812973733,8.159822339446231,-0.330958143870768,7.131723682431278,-0.2738945605223599,5.8647755409484565,-0.3744158163856018,7.5086074584573295,-0.3872395086870382,7.3848442513565375,-0.1182070281747479,5.683490422268188,-0.3510409431408439,7.550262651062269,-0.453004617962253,8.552085204131284,0.0319920501493291,4.621602415824042,-0.1185695505314917,4.811534793849599,-0.1054166107810752,4.281388570871401,-0.1544571494599102,5.285369397428575,-0.1482010861342715,5.097746391462174,-0.0286621637903864,4.4624276435196055,-0.1456924508636252,5.2978612537757845,-0.1797455015865093,5.965823559536616,-0.0227069379908448,4.1525667470788905,-0.2133952073330649,7.323169505226541,-0.154661110401803,6.031441224247031,-0.1935467293702828,7.397918965566709,-0.1338634358823198,7.520950447760866,-0.0833633843116013,6.291464830039019,-0.1800408249740595,7.982572178408898,-0.2025739311653374,8.362430981704152,-0.0192121307969458,2.5875649593709737,-0.1452644689480464,7.391040088858544,-0.1030301245195,5.652039528985783,-0.1303664829726347,7.20235208816375,-0.1078594379870531,7.015906066558898,-0.0585604334982124,4.557754670709525,-0.1162189393327593,7.069771170434589,-0.1333898347673489,8.004168455173433,0
