EEG 1_theta_mean,EEG 1_theta_std,EEG 2_theta_mean,EEG 2_theta_std,EEG 3_theta_mean,EEG 3_theta_std,EEG 4_theta_mean,EEG 4_theta_std,EEG 5_theta_mean,EEG 5_theta_std,EEG 6_theta_mean,EEG 6_theta_std,EEG 7_theta_mean,EEG 7_theta_std,EEG 8_theta_mean,EEG 8_theta_std,EEG 1_alpha_mean,EEG 1_alpha_std,EEG 2_alpha_mean,EEG 2_alpha_std,EEG 3_alpha_mean,EEG 3_alpha_std,EEG 4_alpha_mean,EEG 4_alpha_std,EEG 5_alpha_mean,EEG 5_alpha_std,EEG 6_alpha_mean,EEG 6_alpha_std,EEG 7_alpha_mean,EEG 7_alpha_std,EEG 8_alpha_mean,EEG 8_alpha_std,EEG 1_beta_mean,EEG 1_beta_std,EEG 2_beta_mean,EEG 2_beta_std,EEG 3_beta_mean,EEG 3_beta_std,EEG 4_beta_mean,EEG 4_beta_std,EEG 5_beta_mean,EEG 5_beta_std,EEG 6_beta_mean,EEG 6_beta_std,EEG 7_beta_mean,EEG 7_beta_std,EEG 8_beta_mean,EEG 8_beta_std,EEG 1_gamma_mean,EEG 1_gamma_std,EEG 2_gamma_mean,EEG 2_gamma_std,EEG 3_gamma_mean,EEG 3_gamma_std,EEG 4_gamma_mean,EEG 4_gamma_std,EEG 5_gamma_mean,EEG 5_gamma_std,EEG 6_gamma_mean,EEG 6_gamma_std,EEG 7_gamma_mean,EEG 7_gamma_std,EEG 8_gamma_mean,EEG 8_gamma_std,label
-0.1595268759017699,13.198100763915924,-0.8202817038896156,68.04121482774926,-0.4542331687226279,45.46692786047274,-0.5570673324311288,55.95598688549029,-0.7906679750632802,50.47842277065487,-0.2824621122644343,28.0008162284654,-0.3707217229044304,54.05582017439445,-0.4157839477567166,58.2595723125239,-0.0866098676593868,10.288542239294792,-0.4477846008638971,52.505399155400966,-0.3023169259693636,34.51673135655616,-0.3706126129307387,42.92158397686275,-0.3637753452312678,37.33858143418697,-0.2021061036501622,22.65949050642077,-0.3621684207611116,40.86672188628484,-0.4110561553193123,44.24762181009068,-0.0379253225411657,10.10027448422204,-0.3537440646430796,55.331994126906295,-0.2292291721905812,36.721744277125175,-0.2999260641091064,45.51892102138794,-0.3301370645655403,40.5865587458644,-0.1326569686562295,23.1635408866464,-0.2960665964794901,43.010801262376255,-0.3276281935746317,46.29678155275118,-0.0264033604236005,12.376703972859614,-0.1629461029547298,68.51024931798865,-0.1036211252076749,44.98638735014429,-0.1320954891406803,55.4899572837983,-0.1531945318144548,49.3833198622353,-0.0655957148628047,28.49617152761911,-0.1240426303313641,52.18688589357453,-0.1366011056861755,56.293907022112855,0
