EEG 1_theta_mean,EEG 1_theta_std,EEG 2_theta_mean,EEG 2_theta_std,EEG 3_theta_mean,EEG 3_theta_std,EEG 4_theta_mean,EEG 4_theta_std,EEG 5_theta_mean,EEG 5_theta_std,EEG 6_theta_mean,EEG 6_theta_std,EEG 7_theta_mean,EEG 7_theta_std,EEG 8_theta_mean,EEG 8_theta_std,EEG 1_alpha_mean,EEG 1_alpha_std,EEG 2_alpha_mean,EEG 2_alpha_std,EEG 3_alpha_mean,EEG 3_alpha_std,EEG 4_alpha_mean,EEG 4_alpha_std,EEG 5_alpha_mean,EEG 5_alpha_std,EEG 6_alpha_mean,EEG 6_alpha_std,EEG 7_alpha_mean,EEG 7_alpha_std,EEG 8_alpha_mean,EEG 8_alpha_std,EEG 1_beta_mean,EEG 1_beta_std,EEG 2_beta_mean,EEG 2_beta_std,EEG 3_beta_mean,EEG 3_beta_std,EEG 4_beta_mean,EEG 4_beta_std,EEG 5_beta_mean,EEG 5_beta_std,EEG 6_beta_mean,EEG 6_beta_std,EEG 7_beta_mean,EEG 7_beta_std,EEG 8_beta_mean,EEG 8_beta_std,EEG 1_gamma_mean,EEG 1_gamma_std,EEG 2_gamma_mean,EEG 2_gamma_std,EEG 3_gamma_mean,EEG 3_gamma_std,EEG 4_gamma_mean,EEG 4_gamma_std,EEG 5_gamma_mean,EEG 5_gamma_std,EEG 6_gamma_mean,EEG 6_gamma_std,EEG 7_gamma_mean,EEG 7_gamma_std,EEG 8_gamma_mean,EEG 8_gamma_std,label
0.0162149705271185,10.800364553442222,0.1663670943454855,46.34470325933125,0.1756982328600222,30.67927758881162,0.23011865752949,35.19261035914004,0.0815106680316643,29.808582304422508,0.0389279889790251,19.99879004173271,0.2487596735386849,32.93386086442981,0.3315340367108281,34.843477126758195,0.0138447964874514,6.789211144297825,0.1883764946948223,28.912395193623045,0.1402131143673116,19.33371391142267,0.1811463143510645,22.83372427822293,0.1118485583491768,18.08797299030428,0.0620242139379507,12.316524034353304,0.1512574244697826,20.409806015098557,0.1771006218823496,22.30435782329405,0.0194933679688501,8.120280405547737,0.2000712511666593,36.157170983284544,0.1358806913225139,23.928230624489224,0.1692157579453438,27.833341855425655,0.1048738153543347,22.496288074896004,0.0596918503034914,15.56752343722275,0.1382342591523653,25.16523693015245,0.1613658176784463,26.697709646941117,0.0144303335450581,8.14758491132632,0.1099189284343281,40.00791914423288,0.0791924242604943,26.476904932167223,0.0977550472464692,31.172029504474757,0.0674815139203422,24.79999268412759,0.0395350868562789,16.476632780154404,0.0807179177677829,27.53230071365389,0.092332759402558,29.53261336063376,0
