EEG 1_theta_mean,EEG 1_theta_std,EEG 2_theta_mean,EEG 2_theta_std,EEG 3_theta_mean,EEG 3_theta_std,EEG 4_theta_mean,EEG 4_theta_std,EEG 5_theta_mean,EEG 5_theta_std,EEG 6_theta_mean,EEG 6_theta_std,EEG 7_theta_mean,EEG 7_theta_std,EEG 8_theta_mean,EEG 8_theta_std,EEG 1_alpha_mean,EEG 1_alpha_std,EEG 2_alpha_mean,EEG 2_alpha_std,EEG 3_alpha_mean,EEG 3_alpha_std,EEG 4_alpha_mean,EEG 4_alpha_std,EEG 5_alpha_mean,EEG 5_alpha_std,EEG 6_alpha_mean,EEG 6_alpha_std,EEG 7_alpha_mean,EEG 7_alpha_std,EEG 8_alpha_mean,EEG 8_alpha_std,EEG 1_beta_mean,EEG 1_beta_std,EEG 2_beta_mean,EEG 2_beta_std,EEG 3_beta_mean,EEG 3_beta_std,EEG 4_beta_mean,EEG 4_beta_std,EEG 5_beta_mean,EEG 5_beta_std,EEG 6_beta_mean,EEG 6_beta_std,EEG 7_beta_mean,EEG 7_beta_std,EEG 8_beta_mean,EEG 8_beta_std,EEG 1_gamma_mean,EEG 1_gamma_std,EEG 2_gamma_mean,EEG 2_gamma_std,EEG 3_gamma_mean,EEG 3_gamma_std,EEG 4_gamma_mean,EEG 4_gamma_std,EEG 5_gamma_mean,EEG 5_gamma_std,EEG 6_gamma_mean,EEG 6_gamma_std,EEG 7_gamma_mean,EEG 7_gamma_std,EEG 8_gamma_mean,EEG 8_gamma_std,label
-0.0475758485391809,6.2268802162295005,0.6971534827622435,14.941546142318048,0.5761447938597277,12.068366608341988,0.8613381984904542,18.297969918809105,0.9798492549823252,19.188143964781982,0.2401503505967069,6.571630723388888,0.7644264377472201,17.75254737905772,0.7764592840405685,20.23261519135785,-0.0145970773781717,3.952231273879754,0.2135848275714549,7.731852384300424,0.1734691738435549,6.599885722006192,0.1934980799801845,8.585786333727842,0.2626423257057012,9.076485584440896,0.0698044813104334,4.731879168110512,0.2316613774987997,8.612783762083277,0.2373826806424873,9.716298743796912,-0.0853977050718593,4.262356448081376,-0.211860954953473,16.030913343118907,-0.082058891519563,11.80454918065607,-0.0636333659828322,15.50564845272971,-0.0352863650381669,15.298025975396383,-0.1022427007458179,7.822629068655488,-0.0582222076800757,14.59475624736323,-0.0206481247372545,16.57627999705353,-0.0512138857965095,3.106219134518355,-0.1154190391623565,16.031675234029297,-0.0572414812342257,11.36992327773602,-0.0585788685391682,15.137880882222216,-0.0305945525384753,14.5193211570019,-0.0571979039402575,6.980024802746481,-0.0448405557689276,13.88236184319656,-0.0396376240458094,15.743114259416242,0
