EEG 1_theta_mean,EEG 1_theta_std,EEG 2_theta_mean,EEG 2_theta_std,EEG 3_theta_mean,EEG 3_theta_std,EEG 4_theta_mean,EEG 4_theta_std,EEG 5_theta_mean,EEG 5_theta_std,EEG 6_theta_mean,EEG 6_theta_std,EEG 7_theta_mean,EEG 7_theta_std,EEG 8_theta_mean,EEG 8_theta_std,EEG 1_alpha_mean,EEG 1_alpha_std,EEG 2_alpha_mean,EEG 2_alpha_std,EEG 3_alpha_mean,EEG 3_alpha_std,EEG 4_alpha_mean,EEG 4_alpha_std,EEG 5_alpha_mean,EEG 5_alpha_std,EEG 6_alpha_mean,EEG 6_alpha_std,EEG 7_alpha_mean,EEG 7_alpha_std,EEG 8_alpha_mean,EEG 8_alpha_std,EEG 1_beta_mean,EEG 1_beta_std,EEG 2_beta_mean,EEG 2_beta_std,EEG 3_beta_mean,EEG 3_beta_std,EEG 4_beta_mean,EEG 4_beta_std,EEG 5_beta_mean,EEG 5_beta_std,EEG 6_beta_mean,EEG 6_beta_std,EEG 7_beta_mean,EEG 7_beta_std,EEG 8_beta_mean,EEG 8_beta_std,EEG 1_gamma_mean,EEG 1_gamma_std,EEG 2_gamma_mean,EEG 2_gamma_std,EEG 3_gamma_mean,EEG 3_gamma_std,EEG 4_gamma_mean,EEG 4_gamma_std,EEG 5_gamma_mean,EEG 5_gamma_std,EEG 6_gamma_mean,EEG 6_gamma_std,EEG 7_gamma_mean,EEG 7_gamma_std,EEG 8_gamma_mean,EEG 8_gamma_std,label
-3.8684240073484615,83.86489310002199,-2.970812807158484,66.08498423531162,1.7208827077724604,43.82499170216189,-0.611762213928528,50.05343331340946,-5.903449882134809,112.57623599161964,-4.363623600794868,90.46589424091935,-4.193173133247158,82.8872698588477,-3.064769103886676,66.52332601483938,-0.2279572040757533,10.13520270775274,-0.1901523721020198,8.09972099075671,-0.5440929997379933,14.462884917077623,-0.5099361197836687,13.727903894483552,-0.0937773636116399,11.28608086672779,-0.1952282352961278,10.923638783996036,-0.1385192250299209,9.770851775663962,-0.1964574385386829,8.469104208585765,-0.1025716771228189,6.368841993906253,-0.0768307182822387,7.457280057167394,0.0345865535085605,5.402908454340812,-0.0187661257654372,5.342356686749381,-0.1641281360882834,10.296268869907816,-0.1400557467587246,9.65381784596777,-0.13527190868402,9.108304386380034,-0.0951125700877657,6.638201453367295,-0.0042919580404445,1.6051269784940614,-0.0020688986030843,2.4319443220274524,-0.0047112418339957,1.814896215152613,-0.0048100146929196,1.9097751550692064,-0.0015448019217196,2.4079200965782586,-0.0002614225344158,2.620680081051927,-0.0007283739742012,2.208114562125811,-0.0021818427677166,1.7640375091684632,0
