EEG 1_theta_mean,EEG 1_theta_std,EEG 2_theta_mean,EEG 2_theta_std,EEG 3_theta_mean,EEG 3_theta_std,EEG 4_theta_mean,EEG 4_theta_std,EEG 5_theta_mean,EEG 5_theta_std,EEG 6_theta_mean,EEG 6_theta_std,EEG 7_theta_mean,EEG 7_theta_std,EEG 8_theta_mean,EEG 8_theta_std,EEG 1_alpha_mean,EEG 1_alpha_std,EEG 2_alpha_mean,EEG 2_alpha_std,EEG 3_alpha_mean,EEG 3_alpha_std,EEG 4_alpha_mean,EEG 4_alpha_std,EEG 5_alpha_mean,EEG 5_alpha_std,EEG 6_alpha_mean,EEG 6_alpha_std,EEG 7_alpha_mean,EEG 7_alpha_std,EEG 8_alpha_mean,EEG 8_alpha_std,EEG 1_beta_mean,EEG 1_beta_std,EEG 2_beta_mean,EEG 2_beta_std,EEG 3_beta_mean,EEG 3_beta_std,EEG 4_beta_mean,EEG 4_beta_std,EEG 5_beta_mean,EEG 5_beta_std,EEG 6_beta_mean,EEG 6_beta_std,EEG 7_beta_mean,EEG 7_beta_std,EEG 8_beta_mean,EEG 8_beta_std,EEG 1_gamma_mean,EEG 1_gamma_std,EEG 2_gamma_mean,EEG 2_gamma_std,EEG 3_gamma_mean,EEG 3_gamma_std,EEG 4_gamma_mean,EEG 4_gamma_std,EEG 5_gamma_mean,EEG 5_gamma_std,EEG 6_gamma_mean,EEG 6_gamma_std,EEG 7_gamma_mean,EEG 7_gamma_std,EEG 8_gamma_mean,EEG 8_gamma_std,label
-0.1551271676885522,6.976046142392962,-0.4855461380470199,18.121985574362068,-0.2870963226123778,13.089475383012886,-0.3078191639717169,18.173138011432737,-0.2950042049228235,10.068763985621644,-0.2420235212298492,9.650388114896105,-0.2994728713849385,19.493459509703587,-0.3094940279447462,23.008040072477453,-0.0556659870411727,4.49995388998163,-0.2004910239248411,12.167231616409827,-0.1264671981334018,8.652605125927977,-0.1452881913494933,11.303413607794946,-0.1250785583514257,8.354625143401774,-0.0872561225319073,6.640678105177184,-0.1374026857995099,11.084342570269529,-0.1344646325922387,12.323122698870735,-0.0477940547931029,4.04335326569274,-0.2408015110225799,11.515292883842449,-0.1555099715565127,8.12541088966045,-0.1823740170790742,9.69951789269218,-0.1485704111761769,8.776306952659967,-0.1068902656281292,7.455922255659759,-0.1759506158611518,9.937335402123178,-0.1828672083409144,10.302096897597142,-0.0260508711583304,2.993621451746546,-0.1261239879209636,10.56131976805419,-0.0812421194063539,6.9264602941915845,-0.0952041793566294,8.054116556559663,-0.0771741657625098,7.977362476116375,-0.054205642750743,5.664026929654034,-0.0868645791790043,7.664897272204869,-0.093579518794386,8.051105004418327,0
