EEG 1_theta_mean,EEG 1_theta_std,EEG 2_theta_mean,EEG 2_theta_std,EEG 3_theta_mean,EEG 3_theta_std,EEG 4_theta_mean,EEG 4_theta_std,EEG 5_theta_mean,EEG 5_theta_std,EEG 6_theta_mean,EEG 6_theta_std,EEG 7_theta_mean,EEG 7_theta_std,EEG 8_theta_mean,EEG 8_theta_std,EEG 1_alpha_mean,EEG 1_alpha_std,EEG 2_alpha_mean,EEG 2_alpha_std,EEG 3_alpha_mean,EEG 3_alpha_std,EEG 4_alpha_mean,EEG 4_alpha_std,EEG 5_alpha_mean,EEG 5_alpha_std,EEG 6_alpha_mean,EEG 6_alpha_std,EEG 7_alpha_mean,EEG 7_alpha_std,EEG 8_alpha_mean,EEG 8_alpha_std,EEG 1_beta_mean,EEG 1_beta_std,EEG 2_beta_mean,EEG 2_beta_std,EEG 3_beta_mean,EEG 3_beta_std,EEG 4_beta_mean,EEG 4_beta_std,EEG 5_beta_mean,EEG 5_beta_std,EEG 6_beta_mean,EEG 6_beta_std,EEG 7_beta_mean,EEG 7_beta_std,EEG 8_beta_mean,EEG 8_beta_std,EEG 1_gamma_mean,EEG 1_gamma_std,EEG 2_gamma_mean,EEG 2_gamma_std,EEG 3_gamma_mean,EEG 3_gamma_std,EEG 4_gamma_mean,EEG 4_gamma_std,EEG 5_gamma_mean,EEG 5_gamma_std,EEG 6_gamma_mean,EEG 6_gamma_std,EEG 7_gamma_mean,EEG 7_gamma_std,EEG 8_gamma_mean,EEG 8_gamma_std,label
0.2606318004681766,5.961800151133176,1.9446755422911464,36.0637264544449,1.2910284005596735,24.831592261251647,1.6480215364594109,32.336101981074066,1.3380641282547496,27.644932319017467,0.8095368239261175,15.909884987279437,1.496751982068511,31.18778321973689,1.6662283952614123,35.05294588578058,0.0952698720196652,3.376307943968589,0.7808661761833492,23.51411791402672,0.5090959147844535,15.599079376929549,0.6531455369895333,20.11095112201892,0.5373405818485504,17.253862985060703,0.3207963184498704,10.618650377250225,0.5924121580718925,18.825902856163875,0.6484084186179675,20.659978910482668,0.117494545890184,6.592729453810746,0.8493149620667835,27.056631104586515,0.597973190450957,18.83905672587269,0.7734847252452499,23.535729991308703,0.7120587141737019,21.264224715274374,0.3407415224726421,13.44993591001212,0.7110127929497149,21.75338910097604,0.793668642630012,23.622841592447138,0.0435448675050221,5.0301483859964735,0.3776813729269056,26.513730962423523,0.2544239476104381,17.334137365600604,0.3303333818131426,21.895638688744818,0.2911728860495878,18.9596889700542,0.1413035393943226,11.23992554458516,0.2958051646191251,19.488929974834196,0.3340619699431393,21.4588036036568,0
