EEG 1_theta_mean,EEG 1_theta_std,EEG 2_theta_mean,EEG 2_theta_std,EEG 3_theta_mean,EEG 3_theta_std,EEG 4_theta_mean,EEG 4_theta_std,EEG 5_theta_mean,EEG 5_theta_std,EEG 6_theta_mean,EEG 6_theta_std,EEG 7_theta_mean,EEG 7_theta_std,EEG 8_theta_mean,EEG 8_theta_std,EEG 1_alpha_mean,EEG 1_alpha_std,EEG 2_alpha_mean,EEG 2_alpha_std,EEG 3_alpha_mean,EEG 3_alpha_std,EEG 4_alpha_mean,EEG 4_alpha_std,EEG 5_alpha_mean,EEG 5_alpha_std,EEG 6_alpha_mean,EEG 6_alpha_std,EEG 7_alpha_mean,EEG 7_alpha_std,EEG 8_alpha_mean,EEG 8_alpha_std,EEG 1_beta_mean,EEG 1_beta_std,EEG 2_beta_mean,EEG 2_beta_std,EEG 3_beta_mean,EEG 3_beta_std,EEG 4_beta_mean,EEG 4_beta_std,EEG 5_beta_mean,EEG 5_beta_std,EEG 6_beta_mean,EEG 6_beta_std,EEG 7_beta_mean,EEG 7_beta_std,EEG 8_beta_mean,EEG 8_beta_std,EEG 1_gamma_mean,EEG 1_gamma_std,EEG 2_gamma_mean,EEG 2_gamma_std,EEG 3_gamma_mean,EEG 3_gamma_std,EEG 4_gamma_mean,EEG 4_gamma_std,EEG 5_gamma_mean,EEG 5_gamma_std,EEG 6_gamma_mean,EEG 6_gamma_std,EEG 7_gamma_mean,EEG 7_gamma_std,EEG 8_gamma_mean,EEG 8_gamma_std,label
0.0388166021650015,7.543887545173686,0.1179621548933881,32.86700489245644,-0.0001640386717305,23.32289344403545,-0.0333135358451905,29.742462454004528,0.1912410183705842,17.9738588651421,0.0555219368013206,14.530507441560138,-0.0473875435426057,29.90652547435248,-0.1153126749815159,34.061318789185435,0.0253357956271586,4.415719281912907,0.0731074375511089,18.09989595045965,0.039613796569805,11.757143069401735,0.0470153139588968,14.214707738691056,0.0635069295564405,11.407618051571625,0.0404593332107572,8.197086150969136,0.0615854578794628,13.278429031274936,0.0618522272280233,14.530203244481726,0.0268556391231504,4.9233124263037045,0.1713143494055301,20.72250570464768,0.0911172422643312,13.968745705130324,0.1036179177646099,16.860782522612872,0.1179653042542494,13.670247044291855,0.0660440063511797,10.050675037751471,0.119730785429577,16.02815106563052,0.1133058260170071,16.870109937125747,0.0196657268748229,4.582868712967139,0.0801389594555444,22.816850601850987,0.0407118580217231,14.774509526774754,0.0445640587107882,17.710542678895717,0.0515320353807608,14.361972269942994,0.0338951668406553,9.998663962946706,0.0500698561983802,16.631535373971627,0.0468344557018759,17.56680229921494,0
