EEG 1_theta_mean,EEG 1_theta_std,EEG 2_theta_mean,EEG 2_theta_std,EEG 3_theta_mean,EEG 3_theta_std,EEG 4_theta_mean,EEG 4_theta_std,EEG 5_theta_mean,EEG 5_theta_std,EEG 6_theta_mean,EEG 6_theta_std,EEG 7_theta_mean,EEG 7_theta_std,EEG 8_theta_mean,EEG 8_theta_std,EEG 1_alpha_mean,EEG 1_alpha_std,EEG 2_alpha_mean,EEG 2_alpha_std,EEG 3_alpha_mean,EEG 3_alpha_std,EEG 4_alpha_mean,EEG 4_alpha_std,EEG 5_alpha_mean,EEG 5_alpha_std,EEG 6_alpha_mean,EEG 6_alpha_std,EEG 7_alpha_mean,EEG 7_alpha_std,EEG 8_alpha_mean,EEG 8_alpha_std,EEG 1_beta_mean,EEG 1_beta_std,EEG 2_beta_mean,EEG 2_beta_std,EEG 3_beta_mean,EEG 3_beta_std,EEG 4_beta_mean,EEG 4_beta_std,EEG 5_beta_mean,EEG 5_beta_std,EEG 6_beta_mean,EEG 6_beta_std,EEG 7_beta_mean,EEG 7_beta_std,EEG 8_beta_mean,EEG 8_beta_std,EEG 1_gamma_mean,EEG 1_gamma_std,EEG 2_gamma_mean,EEG 2_gamma_std,EEG 3_gamma_mean,EEG 3_gamma_std,EEG 4_gamma_mean,EEG 4_gamma_std,EEG 5_gamma_mean,EEG 5_gamma_std,EEG 6_gamma_mean,EEG 6_gamma_std,EEG 7_gamma_mean,EEG 7_gamma_std,EEG 8_gamma_mean,EEG 8_gamma_std,label
-0.2322707026453985,10.52379832569098,-0.7713952657778212,36.41729535935196,-0.5559897508766267,28.786753974440987,-0.6845394807872323,38.7201036972272,-0.546923022870639,27.236377167784344,-0.3585308202330097,17.20906411890759,-0.5421024400404209,43.5331067606737,-0.6417700502090598,50.63480963228588,0.0239909997060194,5.273815493926783,-0.2589159663828973,19.481982454974005,-0.1754934728811514,14.593244578046514,-0.2272930685408617,19.749389716679737,-0.209935931334457,15.655038947024773,-0.1077515553200054,8.579875751663888,-0.2000953065681046,20.217688894651523,-0.2259353418609673,23.102900638479507,0.0101296865453182,4.219978372656908,-0.076547563182623,12.094016748830324,-0.0893148138310523,8.986579888242057,-0.125369424562199,11.304595684941752,-0.0802836383079933,10.890477009913257,-0.0284516435948231,7.461607709559516,-0.1030932996394413,11.19152498695514,-0.1307428616909432,12.073908811710748,0.0100815218707039,2.557367921822574,-0.0427843483965947,12.142444074378698,-0.0394746698660046,8.484282696177193,-0.0579846406671662,10.343334131060812,-0.036816348968813,10.336760675064362,-0.0057173374859862,5.919562492527257,-0.0522016124248615,10.24196411792197,-0.0654331582585399,10.878308851800565,0
